{
	"keywords": {
		"EN": {
			"rule": "rule",
			"event": "event",
			"conditions": "conditions",
			"actions": "actions"
		},
		"DE": {
			"rule": "Regel",
			"event": "Event",
			"conditions": "Bedingungen",
			"actions": "Aktionen"
		}
	},
	"events": {
		"Ongoing - Global": {
			"global": true,
			"caseSensitive": false,
			"text": ["onGlobal", "ongoingGlobal"]
		},
		"Ongoing - Each Player": {
			"global": false,
			"caseSensitive": false,
			"text": ["onPlayer", "ongoingEachPlayer"]
		},
		"Player earned elimination": {
			"global": false,
			"caseSensitive": false,
			"text": ["plElimination", "playerEarnedElimination"]
		},
		"Player dealt final blow": {
			"global": false,
			"caseSensitive": false,
			"text": ["plFinalBlow", "playerDealtFinalBlow"]
		},
		"Player dealt damage": {
			"global": false,
			"caseSensitive": false,
			"text": ["plDealtDamage", "playerDealtDamage"]
		},
		"Player took damage": {
			"global": false,
			"caseSensitive": false,
			"text": ["plTookDamage", "playerTookDamage"]
		},
		"Player Died": {
			"global": false,
			"caseSensitive": false,
			"text": ["plDied", "playerDied"]
		}
	},
	"systemVariables": {
		"Event Player" : {
			"ruleEvents": ["Ongoing - Each Player", "Player earned elimination", "Player dealt final blow", "Player dealt damage", "Player took damage", "Player Died"],
			"text": ["EventPlayer"],
			"caseSensitive": false
		},
		"Primary Fire": {
			"functions": ["Allow Button"],
			"text": ["PrimaryFire"],
			"caseSensitive": false			
		},

		"Secondary Fire": {
			"functions": ["Allow Button"],
			"text": ["SecondaryFire"],
			"caseSensitive": false			
		},
		"Ability 1": {
			"functions": ["Allow Button"],
			"text": ["Ability1"],
			"caseSensitive": false			
		},
		"Ability 2": {
			"functions": ["Allow Button"],
			"text": ["Ability2"],
			"caseSensitive": false			
		},
		"Ultimate": {
			"functions": ["Allow Button"],
			"text": ["Ultimate"],
			"caseSensitive": false			
		},
		"Interact": {
			"functions": ["Allow Button"],
			"text": ["Interact"],
			"caseSensitive": false			
		},
		"Jump": {
			"functions": ["Jump"],
			"text": ["PrimaryFire"],
			"caseSensitive": false			
		},
		"Crouch": {
			"functions": ["Crouch"],
			"text": ["PrimaryFire"],
			"caseSensitive": false			
		},
		"To World": {
			"functions": ["Apply Impulse"],
			"text": ["ToWorld"],
			"caseSensitive": false			
		},
		"To Player": {
			"functions": ["Apply Impulse"],
			"text": ["ToPlayer"],
			"caseSensitive": false			
		},
		"Cancel Contrary Motion": {
			"functions": ["Apply Impulse"],
			"text": ["CancelContraryMotion", "Cancel"],
			"caseSensitive": false			
		},
		"Incorporate Contrary Motion": {
			"functions": ["Apply Impulse"],
			"text": ["IncorporateContraryMotion", "Incorporate"],
			"caseSensitive": false			
		},
		"All Teams": {
			"text": ["All", "AllTeams"],
			"caseSensitive": false
		},
		"Team 1": {
			"text": ["Team1"],
			"caseSensitive": false
		},
		"Team 2": {
			"text": ["Team2"],
			"caseSensitive": false
		},
		"Null": {
			"functions": ["String"],
			"text": ["null"],
			"caseSensitive": false
		},
		"Destination And Rate": {
			"functions": ["Chase Global Variable At Rate", "Chase Global Variable Over Time", "Chase Player Variable At Rate", "Chase Player Variable Over Time"],
			"text": ["DestinationAndRate"],
			"caseSensitive": false
		},
		"None": {
			"functions": ["Chase Global Variable At Rate", "Chase Global Variable Over Time", "Chase Player Variable At Rate", "Chase Player Variable Over Time", "Create Effect"],
			"text": ["None"],
			"caseSensitive": false
		},
		"Hacked": {
			"functions": ["Clear Status"],
			"text": ["Hacked"],
			"caseSensitive": false
		},
		"Burning": {
			"functions": ["Clear Status"],
			"text": ["Burning"],
			"caseSensitive": false
		},
		"Knocked Down": {
			"functions": ["Clear Status"],
			"text": ["KnockedDown"],
			"caseSensitive": false
		},
		"Asleep": {
			"functions": ["Clear Status"],
			"text": ["Asleep"],
			"caseSensitive": false
		},
		"Frozen": {
			"functions": ["Clear Status"],
			"text": ["Frozen"],
			"caseSensitive": false
		},
		"Unkillable": {
			"functions": ["Clear Status"],
			"text": ["Unkillable"],
			"caseSensitive": false
		},
		"Invincible": {
			"functions": ["Clear Status"],
			"text": ["Invincible"],
			"caseSensitive": false
		},
		"Phased Out": {
			"functions": ["Clear Status"],
			"text": ["PhasedOut"],
			"caseSensitive": false
		},
		"Rooted": {
			"functions": ["Clear Status"],
			"text": ["Rooted"],
			"caseSensitive": false
		},
		"Stunned": {
			"functions": ["Clear Status"],
			"text": ["Stunned"],
			"caseSensitive": false
		},
		"Sphere": {
			"functions": ["Create Effect"],
			"text": ["Sphere"],
			"caseSensitive": false
		},
		"Light Shaft": {
			"functions": ["Create Effect"],
			"text": ["Light Shaft"],
			"caseSensitive": false
		},
		"Orb": {
			"functions": ["Create Effect"],
			"text": ["Orb"],
			"caseSensitive": false
		},
		"Ring": {
			"functions": ["Create Effect"],
			"text": ["Ring"],
			"caseSensitive": false
		},
		"Cloud": {
			"functions": ["Create Effect"],
			"text": ["Cloud"],
			"caseSensitive": false
		},
		"Sparkles": {
			"functions": ["Create Effect"],
			"text": ["Sparkles"],
			"caseSensitive": false
		},
		"Good Aura": {
			"functions": ["Create Effect"],
			"text": ["GoodAura"],
			"caseSensitive": false
		},
		"Bad Aura": {
			"functions": ["Create Effect"],
			"text": ["BadAura"],
			"caseSensitive": false
		},
		"Energy Sound": {
			"functions": ["Create Effect"],
			"text": ["EnergySound"],
			"caseSensitive": false
		},
		"Pickup Sound": {
			"functions": ["Create Effect"],
			"text": ["PickupSound"],
			"caseSensitive": false
		},
		"Sparkles Sound": {
			"functions": ["Create Effect"],
			"text": ["SparklesSound"],
			"caseSensitive": false
		},
		"Smoke Sound": {
			"functions": ["Create Effect"],
			"text": ["SmokeSound"],
			"caseSensitive": false
		},
		"Decal Sound": {
			"functions": ["Create Effect"],
			"text": ["DecalSound"],
			"caseSensitive": false
		},
		"Beacon Sound": {
			"functions": ["Create Effect"],
			"text": ["BeaconSound"],
			"caseSensitive": false
		},
		"White": {
			"functions": ["Create Effect"],
			"text": ["White"],
			"caseSensitive": false
		},
		"Yellow": {
			"functions": ["Create Effect"],
			"text": ["Yellow"],
			"caseSensitive": false
		},
		"Red": {
			"functions": ["Create Effect"],
			"text": ["Red"],
			"caseSensitive": false
		},
		"Blue": {
			"functions": ["Create Effect"],
			"text": ["Blue"],
			"caseSensitive": false
		},
		"Green": {
			"functions": ["Create Effect"],
			"text": ["Green"],
			"caseSensitive": false
		},
		"Purple": {
			"functions": ["Create Effect"],
			"text": ["Purple"],
			"caseSensitive": false
		},
		"Visible To": {
			"functions": ["Create Effect"],
			"text": ["VisibleTo"],
			"caseSensitive": false
		},
		"Position And Radius": {
			"functions": ["Create Effect"],
			"text": ["PositionRadius", "PositionAndRadius"],
			"caseSensitive": false
		},
		"Visible To Position and Radius": {
			"functions": ["Create Effect"],
			"text": ["VisibleToPositionRadius", "VPR"],
			"caseSensitive": false
		},
		"Empty Array": {
			"text": ["EmptyArray"],
			"caseSensitive": false
		},
		"Up": {
			"functions": ["Round To Integer"],
			"text": ["Up"],
			"caseSensitive": false
		},
		"Down": {
			"functions": ["Round To Integer"],
			"text": ["Down"],
			"caseSensitive": false
		},
		"To Nearest": {
			"functions": ["Round To Integer"],
			"text": ["ToNearest"],
			"caseSensitive": false
		},
		"Ignore Condition": {
			"functions": ["Wait"],
			"text": ["Ignore Condition"],
			"caseSensitive": false
		},
		"Abort When False": {
			"functions": ["Wait"],
			"text": ["Abort", "AbortWhenFalse"],
			"caseSensitive": false
		},
		"Restart When True": {
			"functions": ["Wait"],
			"text": ["RestartWhenTrue", "Restart"],
			"caseSensitive": false
		},
		"Is Game in Progress": {
			"text": ["GameInProgress", "IsGameInProgress"],
			"caseSensitive": false
		},
		"Is Waiting For Players": {
			"text": ["WaitingForPlayers", "IsWaitingForPlayers"],
			"caseSensitive": false
		},
		"Current Element": {
			"functions": ["Filtered Array"],
			"text": ["CurrentElement"],
			"caseSensitive": false
		}

	},
	"functions": {
		"Set Global Variable": {
			"arguments": ["Variable", "Value"],
			"caseSensitive": false,
			"action": true,
			"text": ["setGlobalVariable"]
		},
		"Abort": {
			"caseSensitive": false,
			"action": true,
			"text": ["abort"]
		},
		"Abort If": {
			"arguments": ["Condition"],
			"caseSensitive": false,
			"action": true,
			"text": ["abortIf"]
		},
		"AbortIfConditionIsFalse": {
			"caseSensitive": false,
			"action": true,
			"text": ["abortIfConditionIsFalse"]
		},
		"AbortIfConditionIsTrue": {
			"caseSensitive": false,
			"action": true,
			"text": ["abortIfConditionIsFalse"]
		},
		"Allow Button": {
			"arguments": ["Player", "Button"],
			"action": true,
			"caseSensitive": false,
			"text": ["allowButton"]
		},
		
		"Append To Array": {
			"arguments": ["Array", "Element"],
			"action": true,
			"caseSensitive": false,
			"text": ["appendToArray"]
		},
		
		"Apply Impulse": {
			"arguments": ["Player", "Direction", "Speed", "Relative", "Motion"],
			"action": true,
			"caseSensitive": false,
			"text": ["applyImpulse"]
		},
		
		"Array Contains": {
			"arguments": ["Array", "Element"],
			"action": false,
			"caseSensitive": false,
			"text": ["appendContains"]
		},
		"Array Slice": {
			"arguments": ["Array", "Start Index", "Length"],
			"action": false,
			"caseSensitive": false,
			"text": ["appendSlice"]
		},
		
		"Big Message": {
			"arguments": ["VisibleTo", "Header"],
			"action": true,
			"caseSensitive": false,
			"text": ["bigMessage"]
		},
		"All Players": {
			"arguments": ["Team"],
			"action": false,
			"caseSensitive": false,
			"text": ["allPlayers"]
		},
		"String": {
			"arguments": ["String", "{0}", "{1}", "{2}"],
			"action": false,
			"caseSensitive": false,
			"text": ["string"]
		},
		"Chase Global Variable At Rate": {
			"arguments": ["Variable", "Destination", "Rate", "Reevalulation"],
			"action": true,
			"caseSensitive": false,
			"text": ["chaseGlobalVariableAtRate"]
		},
		"Chase Global Variable Over Time": {
			"arguments": ["Variable", "Destination", "Duration", "Reevalulation"],
			"action": true,
			"caseSensitive": false,
			"text": ["chaseGlobalVariableOverTime"]
		},
		"Chase Player Variable At Rate": {
			"arguments": ["Player", "Variable", "Destination", "Rate", "Reevalulation"],
			"action": true,
			"caseSensitive": false,
			"text": ["chasePlayerVariableAtRate"]
		},
		"Chase Player Variable Over Time": {
			"arguments": ["Player", "Variable", "Destination", "Duration", "Reevalulation"],
			"action": true,
			"caseSensitive": false,
			"text": ["chasePlayerVariableOverTime"]
		},
		"Clear Status": {
			"arguments": ["Player", "Status"],
			"action": true,
			"caseSensitive": false,
			"text": ["clearStatus"]
		},
		"Count Of": {
			"arguments": ["Array"],
			"action": false,
			"caseSensitive": false,
			"text": ["countOf"]
		},
		
		"Create Effect": {
			"arguments": ["Visible To", "Type", "Color", "Position", "Radius", "Reevalulation"],
			"action": true,
			"caseSensitive": false,
			"text": ["createEffect"]
		},
		
		"Destroy Effect": {
			"arguments": [""],
			"action": true,
			"caseSensitive": false,
			"text": ["destroyEffect"]
		},
		
		"Distance Between": {
			"arguments": ["Start Pos", "End Pos"],
			"action": false,
			"caseSensitive": false,
			"text": ["distanceBetween"]
		},
		
		"Filtered Array": {
			"arguments": ["Array", ""],
			"action": false,
			"caseSensitive": false,
			"text": ["filteredArray", "filter"]
		},
		"First Of": {
			"arguments": ["Array"],
			"action": false,
			"caseSensitive": false,
			"text": ["firstOf"]
		},
		
		"Not": {
			"arguments": [""],
			"action": false,
			"caseSensitive": false,
			"text": ["not"]
		},
		
		"Round To Integer": {
			"arguments": ["Value", "Rounding Type"],
			"action": true,
			"caseSensitive": false,
			"text": ["roundToInteger", "round"]
		},
		
		"Position Of": {
			"arguments": ["Player"],
			"action": false,
			"caseSensitive": false,
			"text": ["positionOf"]
		},
		
		"Skip": {
			"arguments": ["Number of Actions"],
			"action": true,
			"caseSensitive": false,
			"text": ["skip"]
		},
		"Skip If": {
			"arguments": ["Condition", "Number of Actions"],
			"action": true,
			"caseSensitive": false,
			"text": ["skipIf"]
		},
		
		"Teleport": {
			"arguments": ["Player", "Position"],
			"action": true,
			"caseSensitive": false,
			"text": ["teleport"]
		},
		
		"Wait": {
			"arguments": ["Time", "Wait Behavior"],
			"action": true,
			"caseSensitive": false,
			"text": ["wait"]
		}

	},
	"varNameRules": [
		{
			"fillTopDown": true,
			"ignoreLetters": true
		}
	]
}